date,ticker,name,sector,industry,country,marketCap,price,change,volume
2022-03-22T00:00:00.0000000,TCN,Tricon Residential Inc.,Real Estate,Real Estate Services,Canada,0,17.01,0,0
2022-03-22T00:00:00.0000000,UNVR,Univar Solutions Inc.,Basic Materials,Chemicals,USA,0,33.78,0,0
2022-03-22T00:00:00.0000000,LNTH,"Lantheus Holdings, Inc.",Healthcare,Diagnostics & Research,USA,0,55.69,0,0
2022-03-22T00:00:00.0000000,TRTN,Triton International Limited,Industrials,Rental & Leasing Services,Bermuda,0,71.41,0,0
2022-03-22T00:00:00.0000000,IRTC,"iRhythm Technologies, Inc.",Healthcare,Medical Instruments & Supplies,USA,0,145.47,0,0
2022-03-22T00:00:00.0000000,OSBC,"Old Second Bancorp, Inc.",Financial,Banks - Regional,USA,0,15.04,0,0
2022-03-22T00:00:00.0000000,JOE,The St. Joe Company,Real Estate,Real Estate - Diversified,USA,0,58.80,0,0
2022-03-23T00:00:00.0000000,ADM,Archer-Daniels-Midland Company,Consumer Defensive,Farm Products,USA,0,89.09,0,0
2022-03-23T00:00:00.0000000,VIV,Telefonica Brasil S.A.,Communication Services,Telecom Services,Brazil,0,10.98,0,0
2022-03-23T00:00:00.0000000,FWONK,Formula One Group,Communication Services,Broadcasting,USA,0,65.50,0,0
2022-03-23T00:00:00.0000000,EC,Ecopetrol S.A.,Energy,Oil & Gas Integrated,Colombia,0,18.66,0,0
2022-03-23T00:00:00.0000000,GNK,Genco Shipping & Trading Limited,Industrials,Marine Shipping,USA,0,23.34,0,0
2022-03-23T00:00:00.0000000,IPI,"Intrepid Potash, Inc.",Basic Materials,Agricultural Inputs,USA,0,87.04,0,0
2022-03-23T00:00:00.0000000,LXU,"LSB Industries, Inc.",Basic Materials,Chemicals,USA,0,23.94,0,0
2022-03-23T00:00:00.0000000,AIR,AAR Corp.,Industrials,Aerospace & Defense,USA,0,50.40,0,0
2022-03-23T00:00:00.0000000,BAP,Credicorp Ltd.,Financial,Banks - Regional,Peru,0,177.92,0,0
2022-03-23T00:00:00.0000000,CIB,Bancolombia S.A.,Financial,Banks - Regional,Colombia,0,41.53,0,0
2022-03-23T00:00:00.0000000,UAN,"CVR Partners, LP",Basic Materials,Agricultural Inputs,USA,0,139.08,0,0
2022-03-24T00:00:00.0000000,CLF,Cleveland-Cliffs Inc.,Basic Materials,Steel,USA,0,32.67,0,0
2022-03-24T00:00:00.0000000,AZN,AstraZeneca PLC,Healthcare,Drug Manufacturers - General,United Kingdom,0,66.02,0,0
2022-03-24T00:00:00.0000000,EQT,EQT Corporation,Energy,Oil & Gas E&P,USA,0,30.74,0,0
2022-03-24T00:00:00.0000000,MP,MP Materials Corp.,Basic Materials,Other Industrial Metals & Mining,USA,0,56.50,0,0
2022-03-24T00:00:00.0000000,CRK,"Comstock Resources, Inc.",Energy,Oil & Gas E&P,USA,0,11.82,0,0
2022-03-24T00:00:00.0000000,VIV,Telefonica Brasil S.A.,Communication Services,Telecom Services,Brazil,0,10.99,0,0
2022-03-24T00:00:00.0000000,GFS,GLOBALFOUNDRIES Inc.,Technology,Semiconductors,USA,0,76.22,0,0
2022-03-24T00:00:00.0000000,SSRM,SSR Mining Inc.,Basic Materials,Gold,Canada,0,21.96,0,0
2022-03-24T00:00:00.0000000,GLNG,Golar LNG Limited,Energy,Oil & Gas Midstream,Bermuda,0,22.47,0,0
2022-03-24T00:00:00.0000000,TMST,TimkenSteel Corporation,Basic Materials,Steel,USA,0,23.89,0,0
2022-03-24T00:00:00.0000000,AGRO,Adecoagro S.A.,Consumer Defensive,Farm Products,Luxembourg,0,12.47,0,0
2022-03-24T00:00:00.0000000,ATSG,"Air Transport Services Group, Inc.",Industrials,Integrated Freight & Logistics,USA,0,34.15,0,0
2022-03-24T00:00:00.0000000,IPI,"Intrepid Potash, Inc.",Basic Materials,Agricultural Inputs,USA,0,88.33,0,0
2022-03-24T00:00:00.0000000,SRTS,"Sensus Healthcare, Inc.",Healthcare,Medical Devices,USA,0,11.84,0,0
2022-03-24T00:00:00.0000000,VAL,Valaris Limited,Energy,Oil & Gas Drilling,Bermuda,0,51.02,0,0
2022-03-24T00:00:00.0000000,ANDE,"The Andersons, Inc.",Consumer Defensive,Food Distribution,USA,0,51.78,0,0
2022-03-24T00:00:00.0000000,AIR,AAR Corp.,Industrials,Aerospace & Defense,USA,0,50.93,0,0
2022-03-24T00:00:00.0000000,UAN,"CVR Partners, LP",Basic Materials,Agricultural Inputs,USA,0,147.59,0,0
2022-03-24T00:00:00.0000000,GLP,Global Partners LP,Energy,Oil & Gas Midstream,USA,0,28.91,0,0
2022-03-25T00:00:00.0000000,EQT,EQT Corporation,Energy,Oil & Gas E&P,USA,0,34.33,0,0
2022-03-25T00:00:00.0000000,CTRA,Coterra Energy Inc.,Energy,Oil & Gas E&P,USA,0,28.91,0,0
2022-03-25T00:00:00.0000000,RRC,Range Resources Corporation,Energy,Oil & Gas E&P,USA,0,31.51,0,0
2022-03-25T00:00:00.0000000,CNX,CNX Resources Corporation,Energy,Oil & Gas E&P,USA,0,21.65,0,0
2022-03-25T00:00:00.0000000,JNPR,"Juniper Networks, Inc.",Technology,Communication Equipment,USA,0,36.52,0,0
2022-03-25T00:00:00.0000000,GLNG,Golar LNG Limited,Energy,Oil & Gas Midstream,Bermuda,0,24.47,0,0
2022-03-25T00:00:00.0000000,GFS,GLOBALFOUNDRIES Inc.,Technology,Semiconductors,USA,0,78.94,0,0
2022-03-25T00:00:00.0000000,LNG,"Cheniere Energy, Inc.",Energy,Oil & Gas Midstream,USA,0,149.30,0,0
2022-03-25T00:00:00.0000000,CHK,Chesapeake Energy Corporation,Energy,Oil & Gas E&P,USA,0,89.32,0,0
2022-03-25T00:00:00.0000000,RADA,RADA Electronic Industries Ltd.,Industrials,Aerospace & Defense,Israel,0,16.43,0,0
2022-03-25T00:00:00.0000000,BG,Bunge Limited,Consumer Defensive,Farm Products,USA,0,117.21,0,0
2022-03-25T00:00:00.0000000,CRC,California Resources Corporation,Energy,Oil & Gas E&P,USA,0,49.48,0,0
2022-03-25T00:00:00.0000000,CIVI,"Civitas Resources, Inc.",Energy,Oil & Gas E&P,USA,0,64.62,0,0
2022-03-25T00:00:00.0000000,FLNG,FLEX LNG Ltd.,Energy,Oil & Gas Midstream,Bermuda,0,28.77,0,0
2022-03-25T00:00:00.0000000,BSM,"Black Stone Minerals, L.P.",Energy,Oil & Gas E&P,USA,0,13.45,0,0
2022-03-25T00:00:00.0000000,CEIX,CONSOL Energy Inc.,Energy,Thermal Coal,USA,0,40.69,0,0
2022-03-25T00:00:00.0000000,LPG,Dorian LPG Ltd.,Energy,Oil & Gas Midstream,USA,0,14.86,0,0
2022-03-25T00:00:00.0000000,RCI,Rogers Communications Inc.,Communication Services,Telecom Services,Canada,0,54.64,0,0
2022-03-25T00:00:00.0000000,SJR,Shaw Communications Inc.,Communication Services,Telecom Services,Canada,0,31.41,0,0
2022-03-25T00:00:00.0000000,ANDE,"The Andersons, Inc.",Consumer Defensive,Food Distribution,USA,0,55.21,0,0
2022-03-25T00:00:00.0000000,COHR,"Coherent, Inc.",Technology,Scientific & Technical Instruments,USA,0,272.82,0,0
2022-03-25T00:00:00.0000000,USAC,"USA Compression Partners, LP",Energy,Oil & Gas Equipment & Services,USA,0,18.18,0,0
2022-03-25T00:00:00.0000000,CPLP,Capital Product Partners L.P.,Industrials,Marine Shipping,Greece,0,18.49,0,0
2022-03-28T00:00:00.0000000,ICL,ICL Group Ltd,Basic Materials,Agricultural Inputs,Israel,0,12.44,0,0
2022-03-28T00:00:00.0000000,NFG,National Fuel Gas Company,Energy,Oil & Gas Integrated,USA,0,69.28,0,0
2022-03-28T00:00:00.0000000,CUTR,"Cutera, Inc.",Healthcare,Medical Devices,USA,0,60.92,0,0
2022-03-28T00:00:00.0000000,XPOF,"Xponential Fitness, Inc.",Consumer Cyclical,Leisure,USA,0,26.00,0,0
2022-03-28T00:00:00.0000000,CPLP,Capital Product Partners L.P.,Industrials,Marine Shipping,Greece,0,18.68,0,0
2022-03-29T00:00:00.0000000,PLAY,"Dave & Buster's Entertainment, Inc.",Consumer Cyclical,Restaurants,USA,0,49.53,0,0
2022-03-29T00:00:00.0000000,APLE,"Apple Hospitality REIT, Inc.",Real Estate,REIT - Hotel & Motel,USA,0,18.55,0,0
2022-03-29T00:00:00.0000000,WRB,W. R. Berkley Corporation,Financial,Insurance - Property & Casualty,USA,0,66.75,0,0
2022-03-29T00:00:00.0000000,CVI,"CVR Energy, Inc.",Energy,Oil & Gas Refining & Marketing,USA,0,25.08,0,0
2022-03-29T00:00:00.0000000,GOGO,Gogo Inc.,Communication Services,Telecom Services,USA,0,19.57,0,0
2022-03-29T00:00:00.0000000,KRC,Kilroy Realty Corporation,Real Estate,REIT - Office,USA,0,78.89,0,0
2022-03-29T00:00:00.0000000,AVB,"AvalonBay Communities, Inc.",Real Estate,REIT - Residential,USA,0,258.26,0,0
2022-03-29T00:00:00.0000000,CUTR,"Cutera, Inc.",Healthcare,Medical Devices,USA,0,66.63,0,0
2022-03-29T00:00:00.0000000,BSM,"Black Stone Minerals, L.P.",Energy,Oil & Gas E&P,USA,0,13.54,0,0
2022-03-29T00:00:00.0000000,RHP,"Ryman Hospitality Properties, Inc.",Real Estate,REIT - Hotel & Motel,USA,0,97.15,0,0
2022-03-29T00:00:00.0000000,ACET,"Adicet Bio, Inc.",Healthcare,Biotechnology,USA,0,18.96,0,0
2022-03-29T00:00:00.0000000,MCRI,"Monarch Casino & Resort, Inc.",Consumer Cyclical,Resorts & Casinos,USA,0,87.85,0,0
2022-03-29T00:00:00.0000000,AMRK,"A-Mark Precious Metals, Inc.",Financial,Capital Markets,USA,0,83.09,0,0
2022-03-30T00:00:00.0000000,MP,MP Materials Corp.,Basic Materials,Other Industrial Metals & Mining,USA,0,56.40,3.22,5941381
2022-03-30T00:00:00.0000000,GLNG,Golar LNG Limited,Energy,Oil & Gas Midstream,Bermuda,0,24.73,7.90,3281321
2022-03-30T00:00:00.0000000,PLAY,"Dave & Buster's Entertainment, Inc.",Consumer Cyclical,Restaurants,USA,0,49.91,0.77,2864318
2022-03-30T00:00:00.0000000,SQM,Sociedad Quimica y Minera de Chile S.A.,Basic Materials,Chemicals,Chile,0,85.54,2.68,2581944
2022-03-30T00:00:00.0000000,SWX,"Southwest Gas Holdings, Inc.",Utilities,Utilities - Regulated Gas,USA,0,79.01,0.65,2481990
2022-03-30T00:00:00.0000000,FWONK,Formula One Group,Communication Services,Broadcasting,USA,0,69.75,3.52,2267469
2022-03-30T00:00:00.0000000,CALM,"Cal-Maine Foods, Inc.",Consumer Defensive,Farm Products,USA,0,52.77,1.56,2121286
2022-03-30T00:00:00.0000000,VIRT,"Virtu Financial, Inc.",Financial,Capital Markets,USA,0,37.61,1.65,1847622
2022-03-30T00:00:00.0000000,PLL,Piedmont Lithium Inc.,Basic Materials,Other Industrial Metals & Mining,USA,0,74.90,1.78,1213612
2022-03-30T00:00:00.0000000,TVTY,"Tivity Health, Inc.",Healthcare,Medical Care Facilities,USA,0,32.09,5.21,1040963
2022-03-30T00:00:00.0000000,ACET,"Adicet Bio, Inc.",Healthcare,Biotechnology,USA,0,19.57,3.22,511646
2022-03-30T00:00:00.0000000,SPH,"Suburban Propane Partners, L.P.",Utilities,Utilities - Regulated Gas,USA,0,16.36,2.83,451751
2022-03-31T00:00:00.0000000,TSCO,Tractor Supply Company,Consumer Cyclical,Specialty Retail,USA,0,233.37,0.22,2228736
2022-03-31T00:00:00.0000000,SGLY,Singularity Future Technology Ltd.,Industrials,Integrated Freight & Logistics,USA,0,14.02,8.26,1756716
2022-03-31T00:00:00.0000000,SV,Spring Valley Acquisition Corp.,Financial,Shell Companies,USA,0,10.47,2.35,1196060
2022-03-31T00:00:00.0000000,TVTY,"Tivity Health, Inc.",Healthcare,Medical Care Facilities,USA,0,32.17,0.25,763212
2022-03-31T00:00:00.0000000,IRTC,"iRhythm Technologies, Inc.",Healthcare,Medical Instruments & Supplies,USA,0,157.47,4.00,626084
2022-03-31T00:00:00.0000000,ACET,"Adicet Bio, Inc.",Healthcare,Biotechnology,USA,0,19.97,2.04,571045
2022-03-31T00:00:00.0000000,CUTR,"Cutera, Inc.",Healthcare,Medical Devices,USA,0,69.00,5.33,559594
2022-03-31T00:00:00.0000000,MMI,"Marcus & Millichap, Inc.",Real Estate,Real Estate Services,USA,0,52.68,3.58,290333
2022-04-01T00:00:00.0000000,TECK,Teck Resources Limited,Basic Materials,Other Industrial Metals & Mining,Canada,21760000000.00,42.15,4.35,4621608
2022-04-01T00:00:00.0000000,NEX,NexTier Oilfield Solutions Inc.,Energy,Oil & Gas Equipment & Services,USA,2250000000.00,10.07,9.04,2926285
2022-04-01T00:00:00.0000000,SBS,Companhia de Saneamento Basico do Estado de Sao Paulo,Utilities,Utilities - Regulated Water,Brazil,6840000000.00,10.56,7.43,2849200
2022-04-01T00:00:00.0000000,ARLP,"Alliance Resource Partners, L.P.",Energy,Thermal Coal,USA,1950000000.00,15.49,0.42,1493801
2022-04-01T00:00:00.0000000,GLNG,Golar LNG Limited,Energy,Oil & Gas Midstream,Bermuda,2460000000.00,25.29,2.06,1306556
2022-04-01T00:00:00.0000000,HTGC,"Hercules Capital, Inc.",Financial,Mortgage Finance,USA,2090000000.00,18.49,2.32,1154780
2022-04-01T00:00:00.0000000,VIV,Telefonica Brasil S.A.,Communication Services,Telecom Services,Brazil,18590000000.00,11.46,2.14,935936
2022-04-01T00:00:00.0000000,SV,Spring Valley Acquisition Corp.,Financial,Shell Companies,USA,301330000.00,10.86,3.72,801881
2022-04-01T00:00:00.0000000,BPT,BP Prudhoe Bay Royalty Trust,Energy,Oil & Gas Refining & Marketing,USA,314070000.00,15.98,6.73,730906
2022-04-01T00:00:00.0000000,TIMB,TIM S.A.,Communication Services,Telecom Services,Brazil,6820000000.00,14.82,2.79,447360
2022-04-01T00:00:00.0000000,FLNG,FLEX LNG Ltd.,Energy,Oil & Gas Midstream,Bermuda,1520000000.00,30.04,5.33,383355
2022-04-01T00:00:00.0000000,CUTR,"Cutera, Inc.",Healthcare,Medical Devices,USA,1030000000.00,71.86,4.14,194058
2022-04-02T00:00:00.0000000,VIV,Telefonica Brasil S.A.,Communication Services,Telecom Services,Brazil,19240000000.00,11.61,3.47,15150815
2022-04-02T00:00:00.0000000,SBS,Companhia de Saneamento Basico do Estado de Sao Paulo,Utilities,Utilities - Regulated Water,Brazil,7590000000.00,10.92,11.09,9513042
2022-04-02T00:00:00.0000000,NEX,NexTier Oilfield Solutions Inc.,Energy,Oil & Gas Equipment & Services,USA,2470000000.00,10.16,9.96,6097043
2022-04-02T00:00:00.0000000,HTGC,"Hercules Capital, Inc.",Financial,Mortgage Finance,USA,2150000000.00,18.57,2.77,2454699
2022-04-02T00:00:00.0000000,GLNG,Golar LNG Limited,Energy,Oil & Gas Midstream,Bermuda,2490000000.00,25.05,1.09,2294771
2022-04-02T00:00:00.0000000,ETR,Entergy Corporation,Utilities,Utilities - Diversified,USA,23940000000.00,120.09,2.86,2107744
2022-04-02T00:00:00.0000000,ACET,"Adicet Bio, Inc.",Healthcare,Biotechnology,USA,824490000.00,20.81,4.21,1878929
2022-04-02T00:00:00.0000000,TIMB,TIM S.A.,Communication Services,Telecom Services,Brazil,7290000000.00,15.41,6.88,1720146
2022-04-02T00:00:00.0000000,SV,Spring Valley Acquisition Corp.,Financial,Shell Companies,USA,304490000.00,10.58,1.05,1563726
2022-04-02T00:00:00.0000000,LNTH,"Lantheus Holdings, Inc.",Healthcare,Diagnostics & Research,USA,4040000000.00,58.36,5.51,1546454
2022-04-02T00:00:00.0000000,CALM,"Cal-Maine Foods, Inc.",Consumer Defensive,Farm Products,USA,2850000000.00,58.70,6.30,1356531
2022-04-02T00:00:00.0000000,CUTR,"Cutera, Inc.",Healthcare,Medical Devices,USA,1080000000.00,72.31,4.80,661006
2022-04-02T00:00:00.0000000,MMI,"Marcus & Millichap, Inc.",Real Estate,Real Estate Services,USA,2190000000.00,56.31,6.89,379075
2022-04-02T00:00:00.0000000,THG,"The Hanover Insurance Group, Inc.",Financial,Insurance - Property & Casualty,USA,5410000000.00,154.11,3.07,252298
2022-04-04T00:00:00.0000000,EURN,Euronav NV,Energy,Oil & Gas Midstream,Belgium,2350000000.00,11.67,5.80,8703821
2022-04-04T00:00:00.0000000,SBS,Companhia de Saneamento Basico do Estado de Sao Paulo,Utilities,Utilities - Regulated Water,Brazil,7000000000.00,11.18,2.38,5495918
2022-04-04T00:00:00.0000000,VIV,Telefonica Brasil S.A.,Communication Services,Telecom Services,Brazil,19000000000.00,11.68,0.60,3039182
2022-04-04T00:00:00.0000000,RES,"RPC, Inc.",Energy,Oil & Gas Equipment & Services,USA,2330000000.00,11.13,0.72,2554366
2022-04-04T00:00:00.0000000,BSM,"Black Stone Minerals, L.P.",Energy,Oil & Gas E&P,USA,2970000000.00,14.35,5.67,2226716
2022-04-04T00:00:00.0000000,CALM,"Cal-Maine Foods, Inc.",Consumer Defensive,Farm Products,USA,2730000000.00,59.22,0.89,1330085
2022-04-04T00:00:00.0000000,SWX,"Southwest Gas Holdings, Inc.",Utilities,Utilities - Regulated Gas,USA,5210000000.00,80.73,0.86,885398
2022-04-04T00:00:00.0000000,TDY,Teledyne Technologies Incorporated,Technology,Scientific & Technical Instruments,USA,22800000000.00,484.70,2.19,394917
2022-04-05T00:00:00.0000000,CHNG,Change Healthcare Inc.,Healthcare,Health Information Services,USA,7400000000.00,23.73,7.38,14597370
2022-04-05T00:00:00.0000000,VST,Vistra Corp.,Utilities,Utilities - Independent Power Producers,USA,10500000000.00,23.58,1.07,6805208
2022-04-05T00:00:00.0000000,THCA,Tuscan Holdings Corp. II,Financial,Shell Companies,USA,173240000.00,12.71,11.88,3783700
2022-04-05T00:00:00.0000000,NRGV,"Energy Vault Holdings, Inc.",Utilities,Utilities - Renewable,USA,2860000000.00,21.64,18.90,2730557
2022-04-05T00:00:00.0000000,SGLY,Singularity Future Technology Ltd.,Industrials,Integrated Freight & Logistics,USA,423980000.00,17.00,13.56,1818991
2022-04-05T00:00:00.0000000,CUTR,"Cutera, Inc.",Healthcare,Medical Devices,USA,1240000000.00,71.74,0.77,505105
2022-04-05T00:00:00.0000000,EXLS,"ExlService Holdings, Inc.",Technology,Information Technology Services,USA,4890000000.00,149.19,3.09,451097
2022-04-05T00:00:00.0000000,MMI,"Marcus & Millichap, Inc.",Real Estate,Real Estate Services,USA,2110000000.00,56.83,1.54,356627
2022-04-06T00:00:00.0000000,MOS,The Mosaic Company,Basic Materials,Agricultural Inputs,USA,25720000000.00,69.19,2.13,13993088
2022-04-06T00:00:00.0000000,GOGO,Gogo Inc.,Communication Services,Telecom Services,USA,2300000000.00,20.65,7.61,11465548
2022-04-06T00:00:00.0000000,HMHC,Houghton Mifflin Harcourt Company,Consumer Defensive,Education & Training Services,USA,2690000000.00,21.03,0.10,9431339
2022-04-06T00:00:00.0000000,LLY,Eli Lilly and Company,Healthcare,Drug Manufacturers - General,USA,285000000000.00,305.84,4.56,4666305
2022-04-06T00:00:00.0000000,CMS,CMS Energy Corporation,Utilities,Utilities - Regulated Electric,USA,20990000000.00,73.56,3.45,3588811
2022-04-06T00:00:00.0000000,LPG,Dorian LPG Ltd.,Energy,Oil & Gas Midstream,USA,585590000.00,14.84,0.47,1058638
2022-04-06T00:00:00.0000000,MSP,Datto Holding Corp.,Technology,Software - Application,USA,4620000000.00,28.51,2.00,853039
2022-04-06T00:00:00.0000000,FCN,"FTI Consulting, Inc.",Industrials,Consulting Services,USA,5490000000.00,162.20,2.05,397559
2022-04-06T00:00:00.0000000,SBOW,"SilverBow Resources, Inc.",Energy,Oil & Gas E&P,USA,568700000.00,35.88,2.13,280274
2022-04-07T00:00:00.0000000,HPQ,HP Inc.,Technology,Computer Hardware,USA,43030000000.00,40.06,14.75,94336281
2022-04-07T00:00:00.0000000,CCJ,Cameco Corporation,Energy,Uranium,Canada,12230000000.00,30.59,8.32,15864347
2022-04-07T00:00:00.0000000,CNP,"CenterPoint Energy, Inc.",Utilities,Utilities - Regulated Gas,USA,19820000000.00,32.01,0.76,9232598
2022-04-07T00:00:00.0000000,EURN,Euronav NV,Energy,Oil & Gas Midstream,Belgium,2420000000.00,12.00,6.76,6865606
2022-04-07T00:00:00.0000000,SNY,Sanofi,Healthcare,Drug Manufacturers - General,France,137580000000.00,55.52,2.55,5274677
2022-04-07T00:00:00.0000000,PGR,The Progressive Corporation,Financial,Insurance - Property & Casualty,USA,69180000000.00,119.53,2.28,5093497
2022-04-07T00:00:00.0000000,COST,Costco Wholesale Corporation,Consumer Defensive,Discount Stores,USA,269630000000.00,608.05,3.98,4796941
2022-04-07T00:00:00.0000000,NVO,Novo Nordisk A/S,Healthcare,Drug Manufacturers - General,Denmark,213070000000.00,121.81,4.00,2323895
2022-04-07T00:00:00.0000000,LNTH,"Lantheus Holdings, Inc.",Healthcare,Diagnostics & Research,USA,3830000000.00,59.60,1.78,2265115
2022-04-07T00:00:00.0000000,ZETA,Zeta Global Holdings Corp.,Technology,Software - Application,USA,2740000000.00,13.31,10.00,1759764
2022-04-07T00:00:00.0000000,LXU,"LSB Industries, Inc.",Basic Materials,Chemicals,USA,2140000000.00,25.35,11.87,1684649
2022-04-07T00:00:00.0000000,IPI,"Intrepid Potash, Inc.",Basic Materials,Agricultural Inputs,USA,1370000000.00,101.78,15.06,1056692
2022-04-07T00:00:00.0000000,VIVO,"Meridian Bioscience, Inc.",Healthcare,Diagnostics & Research,USA,1180000000.00,27.87,6.41,962225
2022-04-07T00:00:00.0000000,TNK,Teekay Tankers Ltd.,Energy,Oil & Gas Midstream,Canada,528120000.00,16.32,8.66,925543
2022-04-07T00:00:00.0000000,ACHC,"Acadia Healthcare Company, Inc.",Healthcare,Medical Care Facilities,USA,6220000000.00,70.92,3.70,918396
2022-04-07T00:00:00.0000000,BRY,Berry Corporation,Energy,Oil & Gas E&P,USA,858920000.00,11.39,6.95,831187
2022-04-07T00:00:00.0000000,PCRX,"Pacira BioSciences, Inc.",Healthcare,Drug Manufacturers - Specialty & Generic,USA,3560000000.00,81.08,2.65,782285
2022-04-07T00:00:00.0000000,AMPH,"Amphastar Pharmaceuticals, Inc.",Healthcare,Drug Manufacturers - Specialty & Generic,USA,1860000000.00,40.17,6.30,729438
2022-04-08T00:00:00.0000000,EURN,Euronav NV,Energy,Oil & Gas Midstream,Belgium,2420000000.00,13.10,9.17,5243311
2022-04-08T00:00:00.0000000,SNY,Sanofi,Healthcare,Drug Manufacturers - General,France,137580000000.00,56.74,2.21,4143868
2022-04-08T00:00:00.0000000,RES,"RPC, Inc.",Energy,Oil & Gas Equipment & Services,USA,2280000000.00,11.73,7.46,2319057
2022-04-08T00:00:00.0000000,FPI,Farmland Partners Inc.,Real Estate,REIT - Specialty,USA,642600000.00,14.93,5.73,1503991
2022-04-08T00:00:00.0000000,LXU,"LSB Industries, Inc.",Basic Materials,Chemicals,USA,2140000000.00,25.56,0.81,1475961
2022-04-08T00:00:00.0000000,ACHC,"Acadia Healthcare Company, Inc.",Healthcare,Medical Care Facilities,USA,6220000000.00,73.98,4.31,1425869
2022-04-08T00:00:00.0000000,IPI,"Intrepid Potash, Inc.",Basic Materials,Agricultural Inputs,USA,1370000000.00,107.89,6.01,1229772
2022-04-08T00:00:00.0000000,BRY,Berry Corporation,Energy,Oil & Gas E&P,USA,858920000.00,12.42,9.04,687696
2022-04-08T00:00:00.0000000,TNK,Teekay Tankers Ltd.,Energy,Oil & Gas Midstream,Canada,528120000.00,16.75,2.63,645376
2022-04-08T00:00:00.0000000,LAND,Gladstone Land Corporation,Real Estate,REIT - Industrial,USA,1210000000.00,40.54,9.21,600762
2022-04-08T00:00:00.0000000,SBOW,"SilverBow Resources, Inc.",Energy,Oil & Gas E&P,USA,565370000.00,36.58,2.54,312603
2022-04-08T00:00:00.0000000,BREZ,Breeze Holdings Acquisition Corp.,Financial,Shell Companies,USA,151070000.00,10.35,0.10,169917
2022-04-11T00:00:00.0000000,SAIL,"SailPoint Technologies Holdings, Inc.",Technology,Software - Infrastructure,USA,4750000000.00,64.08,29.23,30946999
2022-04-11T00:00:00.0000000,MSP,Datto Holding Corp.,Technology,Software - Application,USA,4650000000.00,34.62,20.53,15693753
2022-04-11T00:00:00.0000000,BRCC,BRC Inc.,Consumer Defensive,Packaged Foods,USA,5260000000.00,31.64,7.42,3379694
2022-04-11T00:00:00.0000000,LPLA,LPL Financial Holdings Inc.,Financial,Capital Markets,USA,15080000000.00,200.26,2.71,1608045
2022-04-11T00:00:00.0000000,SV,Spring Valley Acquisition Corp.,Financial,Shell Companies,USA,299050000.00,10.80,0.61,1438679
2022-04-11T00:00:00.0000000,TNK,Teekay Tankers Ltd.,Energy,Oil & Gas Midstream,Canada,551420000.00,17.02,1.67,788815
2022-04-11T00:00:00.0000000,AVD,American Vanguard Corporation,Basic Materials,Agricultural Inputs,USA,627290000.00,21.64,6.29,442578
2022-04-12T00:00:00.0000000,GOGO,Gogo Inc.,Communication Services,Telecom Services,USA,2440000000.00,23.02,10.09,4714833
2022-04-12T00:00:00.0000000,BOX,"Box, Inc.",Technology,Software - Infrastructure,USA,4430000000.00,30.52,2.07,3218703
2022-04-12T00:00:00.0000000,LPLA,LPL Financial Holdings Inc.,Financial,Capital Markets,USA,15550000000.00,201.04,0.36,1900421
2022-04-12T00:00:00.0000000,WFRD,Weatherford International plc,Energy,Oil & Gas Equipment & Services,USA,2560000000.00,36.92,7.54,1848204
2022-04-12T00:00:00.0000000,AMR,"Alpha Metallurgical Resources, Inc.",Basic Materials,Coking Coal,USA,2550000000.00,142.08,10.11,1077969
2022-04-12T00:00:00.0000000,CEIX,CONSOL Energy Inc.,Energy,Thermal Coal,USA,1470000000.00,42.73,10.99,1015739
2022-04-12T00:00:00.0000000,ARLP,"Alliance Resource Partners, L.P.",Energy,Thermal Coal,USA,2070000000.00,16.74,4.82,1006286
2022-04-12T00:00:00.0000000,ACHC,"Acadia Healthcare Company, Inc.",Healthcare,Medical Care Facilities,USA,6440000000.00,74.70,1.34,964353
2022-04-12T00:00:00.0000000,ANDE,"The Andersons, Inc.",Consumer Defensive,Food Distribution,USA,1860000000.00,56.05,2.83,666907
2022-04-12T00:00:00.0000000,CYXT,"Cyxtera Technologies, Inc.",Technology,Information Technology Services,USA,2390000000.00,12.83,1.42,553774
2022-04-12T00:00:00.0000000,AVD,American Vanguard Corporation,Basic Materials,Agricultural Inputs,USA,674120000.00,21.88,0.92,384743
2022-04-13T00:00:00.0000000,SRRA,"Sierra Oncology, Inc.",Healthcare,Biotechnology,USA,1270000000.00,54.75,38.54,11831937
2022-04-13T00:00:00.0000000,BOX,"Box, Inc.",Technology,Software - Infrastructure,USA,4600000000.00,31.69,3.83,3184700
2022-04-13T00:00:00.0000000,SV,Spring Valley Acquisition Corp.,Financial,Shell Companies,USA,309360000.00,11.10,2.87,2505543
2022-04-13T00:00:00.0000000,ICL,ICL Group Ltd,Basic Materials,Agricultural Inputs,Israel,16220000000.00,12.60,4.91,2379665
2022-04-13T00:00:00.0000000,AGRO,Adecoagro S.A.,Consumer Defensive,Farm Products,Luxembourg,1390000000.00,12.95,4.69,2246896
2022-04-13T00:00:00.0000000,ARLP,"Alliance Resource Partners, L.P.",Energy,Thermal Coal,USA,2170000000.00,17.50,4.54,2026644
2022-04-13T00:00:00.0000000,PING,Ping Identity Holding Corp.,Technology,Software - Infrastructure,USA,2580000000.00,30.25,4.71,1934219
2022-04-13T00:00:00.0000000,LPLA,LPL Financial Holdings Inc.,Financial,Capital Markets,USA,16490000000.00,213.28,6.09,1698947
2022-04-13T00:00:00.0000000,CEIX,CONSOL Energy Inc.,Energy,Thermal Coal,USA,1620000000.00,47.20,10.46,1622171
2022-04-13T00:00:00.0000000,ACHC,"Acadia Healthcare Company, Inc.",Healthcare,Medical Care Facilities,USA,6470000000.00,75.03,0.44,848283
2022-04-13T00:00:00.0000000,SWX,"Southwest Gas Holdings, Inc.",Utilities,Utilities - Regulated Gas,USA,5470000000.00,82.50,1.85,841115
2022-04-13T00:00:00.0000000,AIR,AAR Corp.,Industrials,Aerospace & Defense,USA,1800000000.00,50.74,1.02,621811
2022-04-13T00:00:00.0000000,ANDE,"The Andersons, Inc.",Consumer Defensive,Food Distribution,USA,1910000000.00,57.56,2.69,567052
2022-04-13T00:00:00.0000000,SBOW,"SilverBow Resources, Inc.",Energy,Oil & Gas E&P,USA,651640000.00,39.71,10.21,387221
2022-04-14T00:00:00.0000000,VERU,Veru Inc.,Healthcare,Drug Manufacturers - Specialty & Generic,USA,1250000000.00,14.95,4.55,179722208
2022-04-14T00:00:00.0000000,ACGL,Arch Capital Group Ltd.,Financial,Insurance - Diversified,Bermuda,18120000000.00,48.98,2.40,7599436
2022-04-14T00:00:00.0000000,GOGL,Golden Ocean Group Limited,Industrials,Marine Shipping,Bermuda,2650000000.00,13.64,9.65,7287017
2022-04-14T00:00:00.0000000,GIS,"General Mills, Inc.",Consumer Defensive,Packaged Foods,USA,42450000000.00,70.92,0.34,6956565
2022-04-14T00:00:00.0000000,CXW,"CoreCivic, Inc.",Real Estate,REIT - Specialty,USA,1640000000.00,13.45,14.96,4925558
2022-04-14T00:00:00.0000000,PEG,Public Service Enterprise Group Incorporated,Utilities,Utilities - Diversified,USA,36310000000.00,72.80,1.75,4180879
2022-04-14T00:00:00.0000000,VWTR,"Vidler Water Resources, Inc.",Utilities,Utilities - Regulated Water,USA,300300000.00,17.16,5.47,3387330
2022-04-14T00:00:00.0000000,KBR,"KBR, Inc.",Industrials,Engineering & Construction,USA,7970000000.00,56.52,5.35,2896720
2022-04-14T00:00:00.0000000,GNK,Genco Shipping & Trading Limited,Industrials,Marine Shipping,USA,1020000000.00,24.64,8.55,2302085
2022-04-14T00:00:00.0000000,LPLA,LPL Financial Holdings Inc.,Financial,Capital Markets,USA,16640000000.00,215.24,0.92,1865579
2022-04-14T00:00:00.0000000,ACC,"American Campus Communities, Inc.",Real Estate,REIT - Residential,USA,7990000000.00,57.95,0.28,1792560
2022-04-14T00:00:00.0000000,MSP,Datto Holding Corp.,Technology,Software - Application,USA,5620000000.00,34.73,0.23,1717968
2022-04-14T00:00:00.0000000,ICL,ICL Group Ltd,Basic Materials,Agricultural Inputs,Israel,16320000000.00,12.68,0.63,1564896
2022-04-14T00:00:00.0000000,SMPL,The Simply Good Foods Company,Consumer Defensive,Packaged Foods,USA,4420000000.00,43.47,3.28,1162339
2022-04-14T00:00:00.0000000,SA,Seabridge Gold Inc.,Basic Materials,Gold,Canada,1660000000.00,21.49,6.54,894704
2022-04-14T00:00:00.0000000,WFRD,Weatherford International plc,Energy,Oil & Gas Equipment & Services,USA,2670000000.00,38.40,4.04,792626
2022-04-14T00:00:00.0000000,ANDE,"The Andersons, Inc.",Consumer Defensive,Food Distribution,USA,1940000000.00,58.39,1.44,609205
2022-04-14T00:00:00.0000000,TNP,Tsakos Energy Navigation Limited,Energy,Oil & Gas Midstream,Greece,224050000.00,12.15,6.49,437217
2022-04-14T00:00:00.0000000,NVGS,Navigator Holdings Ltd.,Energy,Oil & Gas Midstream,United Kingdom,1060000000.00,14.02,1.96,261637
2022-04-18T00:00:00.0000000,EQT,EQT Corporation,Energy,Oil & Gas E&P,USA,16890000000.00,45.50,7.41,16666509
2022-04-18T00:00:00.0000000,SAIL,"SailPoint Technologies Holdings, Inc.",Technology,Software - Infrastructure,USA,6070000000.00,64.40,0.37,8892835
2022-04-18T00:00:00.0000000,CRK,"Comstock Resources, Inc.",Energy,Oil & Gas E&P,USA,4130000000.00,18.06,8.21,6996329
2022-04-18T00:00:00.0000000,GOGL,Golden Ocean Group Limited,Industrials,Marine Shipping,Bermuda,2550000000.00,13.96,2.35,6061237
2022-04-18T00:00:00.0000000,OKE,"ONEOK, Inc.",Energy,Oil & Gas Midstream,USA,32380000000.00,72.50,1.68,4431488
2022-04-18T00:00:00.0000000,NTUS,Natus Medical Incorporated,Healthcare,Medical Devices,USA,1150000000.00,33.51,28.64,4226120
2022-04-18T00:00:00.0000000,AGRO,Adecoagro S.A.,Consumer Defensive,Farm Products,Luxembourg,1470000000.00,13.15,0.77,2615880
2022-04-18T00:00:00.0000000,BG,Bunge Limited,Consumer Defensive,Farm Products,USA,17660000000.00,126.76,2.26,2506196
2022-04-18T00:00:00.0000000,SJT,San Juan Basin Royalty Trust,Energy,Oil & Gas E&P,USA,491770000.00,11.36,4.99,2073902
2022-04-18T00:00:00.0000000,GNK,Genco Shipping & Trading Limited,Industrials,Marine Shipping,USA,987890000.00,25.56,3.73,1707980
2022-04-18T00:00:00.0000000,RADA,RADA Electronic Industries Ltd.,Industrials,Aerospace & Defense,Israel,785170000.00,15.92,5.71,1416651
2022-04-18T00:00:00.0000000,SWX,"Southwest Gas Holdings, Inc.",Utilities,Utilities - Regulated Gas,USA,5750000000.00,88.22,5.65,1358752
2022-04-18T00:00:00.0000000,BSM,"Black Stone Minerals, L.P.",Energy,Oil & Gas E&P,USA,3260000000.00,15.63,2.42,997498
2022-04-18T00:00:00.0000000,IPI,"Intrepid Potash, Inc.",Basic Materials,Agricultural Inputs,USA,1560000000.00,119.50,6.74,891413
2022-04-18T00:00:00.0000000,SBOW,"SilverBow Resources, Inc.",Energy,Oil & Gas E&P,USA,671040000.00,38.61,0.55,861068
2022-04-18T00:00:00.0000000,WFRD,Weatherford International plc,Energy,Oil & Gas Equipment & Services,USA,2640000000.00,38.98,1.51,830316
2022-04-18T00:00:00.0000000,SR,Spire Inc.,Utilities,Utilities - Regulated Gas,USA,3930000000.00,76.55,1.40,783718
2022-04-18T00:00:00.0000000,EGLE,Eagle Bulk Shipping Inc.,Industrials,Marine Shipping,USA,900500000.00,70.85,4.10,629287
2022-04-18T00:00:00.0000000,TNP,Tsakos Energy Navigation Limited,Energy,Oil & Gas Midstream,Greece,230700000.00,12.43,2.30,578349
2022-04-18T00:00:00.0000000,MUSA,Murphy USA Inc.,Consumer Cyclical,Specialty Retail,USA,5830000000.00,241.54,5.34,543946
2022-04-18T00:00:00.0000000,RYI,Ryerson Holding Corporation,Industrials,Metal Fabrication,USA,1540000000.00,41.47,1.15,483425
2022-04-18T00:00:00.0000000,USAC,"USA Compression Partners, LP",Energy,Oil & Gas Equipment & Services,USA,1920000000.00,19.98,2.20,456810
2022-04-18T00:00:00.0000000,UAN,"CVR Partners, LP",Basic Materials,Agricultural Inputs,USA,1760000000.00,172.00,8.86,248974
2022-04-18T00:00:00.0000000,SII,Sprott Inc.,Financial,Asset Management,Canada,1750000000.00,54.86,2.54,209501
2022-04-19T00:00:00.0000000,ACC,"American Campus Communities, Inc.",Real Estate,REIT - Residential,USA,8990000000.00,64.80,12.54,31425994
2022-04-19T00:00:00.0000000,JNJ,Johnson & Johnson,Healthcare,Drug Manufacturers - General,USA,483460000000.00,183.08,3.05,14375640
2022-04-19T00:00:00.0000000,WY,Weyerhaeuser Company,Real Estate,REIT - Specialty,USA,31080000000.00,41.43,4.04,6876119
2022-04-19T00:00:00.0000000,GPK,Graphic Packaging Holding Company,Consumer Cyclical,Packaging & Containers,USA,6740000000.00,21.80,4.51,4856650
2022-04-19T00:00:00.0000000,SWCH,"Switch, Inc.",Technology,Information Technology Services,USA,7710000000.00,31.47,2.54,2432290
2022-04-19T00:00:00.0000000,INSW,"International Seaways, Inc.",Industrials,Marine Shipping,USA,1050000000.00,21.30,2.70,2022206
2022-04-19T00:00:00.0000000,FPI,Farmland Partners Inc.,Real Estate,REIT - Specialty,USA,736960000.00,16.29,10.29,1773872
2022-04-19T00:00:00.0000000,CXW,"CoreCivic, Inc.",Real Estate,REIT - Specialty,USA,1460000000.00,13.79,4.95,1481361
2022-04-19T00:00:00.0000000,SMPL,The Simply Good Foods Company,Consumer Defensive,Packaged Foods,USA,4330000000.00,44.57,3.31,1463828
2022-04-19T00:00:00.0000000,TCDA,"Tricida, Inc.",Healthcare,Drug Manufacturers - Specialty & Generic,USA,623460000.00,11.75,15.42,1001862
2022-04-19T00:00:00.0000000,HRMY,"Harmony Biosciences Holdings, Inc.",Healthcare,Biotechnology,USA,3040000000.00,52.15,3.41,911809
2022-04-19T00:00:00.0000000,GPRK,GeoPark Limited,Energy,Oil & Gas E&P,Colombia,1020000000.00,17.61,3.16,879101
2022-04-19T00:00:00.0000000,MUSA,Murphy USA Inc.,Consumer Cyclical,Specialty Retail,USA,5900000000.00,244.60,1.27,552258
2022-04-19T00:00:00.0000000,RYI,Ryerson Holding Corporation,Industrials,Metal Fabrication,USA,1590000000.00,42.86,3.35,492869
2022-04-19T00:00:00.0000000,AVD,American Vanguard Corporation,Basic Materials,Agricultural Inputs,USA,718300000.00,23.84,4.33,416939
2022-04-19T00:00:00.0000000,SII,Sprott Inc.,Financial,Asset Management,Canada,1810000000.00,56.84,3.61,236125
2022-04-20T00:00:00.0000000,BSX,Boston Scientific Corporation,Healthcare,Medical Devices,USA,67600000000.00,47.10,3.02,14254251
2022-04-20T00:00:00.0000000,VST,Vistra Corp.,Utilities,Utilities - Independent Power Producers,USA,11470000000.00,26.26,5.80,8929405
2022-04-20T00:00:00.0000000,VYGR,"Voyager Therapeutics, Inc.",Healthcare,Biotechnology,USA,375950000.00,10.09,5.77,3340124
2022-04-20T00:00:00.0000000,LRN,"Stride, Inc.",Consumer Defensive,Education & Training Services,USA,1760000000.00,40.60,14.66,2329444
2022-04-20T00:00:00.0000000,REXR,"Rexford Industrial Realty, Inc.",Real Estate,REIT - Industrial,USA,13630000000.00,83.86,5.34,2176849
2022-04-20T00:00:00.0000000,CXW,"CoreCivic, Inc.",Real Estate,REIT - Specialty,USA,1460000000.00,13.81,0.15,1838576
2022-04-20T00:00:00.0000000,ESTE,"Earthstone Energy, Inc.",Energy,Oil & Gas E&P,USA,1740000000.00,15.94,6.98,1573748
2022-04-20T00:00:00.0000000,VGR,Vector Group Ltd.,Consumer Defensive,Tobacco,USA,2030000000.00,13.17,1.15,1412751
2022-04-20T00:00:00.0000000,INSW,"International Seaways, Inc.",Industrials,Marine Shipping,USA,1070000000.00,21.65,1.64,1289988
2022-04-20T00:00:00.0000000,L,Loews Corporation,Financial,Insurance - Property & Casualty,USA,16500000000.00,67.36,2.56,1286906
2022-04-20T00:00:00.0000000,CYXT,"Cyxtera Technologies, Inc.",Technology,Information Technology Services,USA,2420000000.00,13.62,4.21,833838
2022-04-20T00:00:00.0000000,RCI,Rogers Communications Inc.,Communication Services,Telecom Services,Canada,30430000000.00,60.89,4.12,771100
2022-04-20T00:00:00.0000000,TNP,Tsakos Energy Navigation Limited,Energy,Oil & Gas Midstream,Greece,233480000.00,12.58,2.53,699534
2022-04-20T00:00:00.0000000,UTI,"Universal Technical Institute, Inc.",Consumer Defensive,Education & Training Services,USA,337280000.00,10.55,4.15,444149
2022-04-20T00:00:00.0000000,ACT,"Enact Holdings, Inc.",Financial,Insurance - Specialty,USA,3960000000.00,24.70,3.78,220832
2022-04-20T00:00:00.0000000,NGVC,"Natural Grocers by Vitamin Cottage, Inc.",Consumer Defensive,Grocery Stores,USA,516960000.00,23.12,11.15,206618
2022-04-20T00:00:00.0000000,HCKT,"The Hackett Group, Inc.",Technology,Information Technology Services,USA,753750000.00,24.12,0.46,194676
2022-04-21T00:00:00.0000000,DOW,Dow Inc.,Basic Materials,Chemicals,USA,48680000000.00,69.29,2.59,7634655
2022-04-21T00:00:00.0000000,NUE,Nucor Corporation,Basic Materials,Steel,USA,44920000000.00,174.37,3.03,6518912
2022-04-21T00:00:00.0000000,LBRT,Liberty Oilfield Services Inc.,Energy,Oil & Gas Equipment & Services,USA,3210000000.00,17.46,0.06,4243117
2022-04-21T00:00:00.0000000,IONS,"Ionis Pharmaceuticals, Inc.",Healthcare,Biotechnology,USA,6040000000.00,43.01,0.02,1921480
2022-04-21T00:00:00.0000000,NGVC,"Natural Grocers by Vitamin Cottage, Inc.",Consumer Defensive,Grocery Stores,USA,516960000.00,23.50,1.64,147474
2022-04-22T00:00:00.0000000,SAIL,"SailPoint Technologies Holdings, Inc.",Technology,Software - Infrastructure,USA,6060000000.00,64.27,0.27,7917203
2022-04-22T00:00:00.0000000,ESTA,Establishment Labs Holdings Inc.,Healthcare,Medical Devices,Costa Rica,1920000000.00,81.89,3.31,833149
2022-04-25T00:00:00.0000000,CHNG,Change Healthcare Inc.,Healthcare,Health Information Services,USA,7380000000.00,23.84,0.80,5751706
2022-04-25T00:00:00.0000000,CHEF,"The Chefs' Warehouse, Inc.",Consumer Defensive,Food Distribution,USA,1360000000.00,37.28,3.82,518547
2022-04-25T00:00:00.0000000,FDUS,Fidus Investment Corporation,Financial,Asset Management,USA,495830000.00,20.94,3.20,281557
2022-04-26T00:00:00.0000000,SPTN,SpartanNash Company,Consumer Defensive,Food Distribution,USA,1350000000.00,35.34,2.46,1383627
2022-04-27T00:00:00.0000000,HST,"Host Hotels & Resorts, Inc.",Real Estate,REIT - Hotel & Motel,USA,14950000000.00,21.06,3.13,13207340
2022-04-27T00:00:00.0000000,WM,"Waste Management, Inc.",Industrials,Waste Management,USA,70880000000.00,167.45,2.01,3313352
2022-04-27T00:00:00.0000000,INSW,"International Seaways, Inc.",Industrials,Marine Shipping,USA,1180000000.00,22.28,8.63,2603721
2022-04-27T00:00:00.0000000,ARLP,"Alliance Resource Partners, L.P.",Energy,Thermal Coal,USA,2540000000.00,18.16,14.86,1890626
2022-04-27T00:00:00.0000000,ARCH,"Arch Resources, Inc.",Energy,Thermal Coal,USA,3340000000.00,171.12,7.74,1878035
2022-04-27T00:00:00.0000000,BSM,"Black Stone Minerals, L.P.",Energy,Oil & Gas E&P,USA,3420000000.00,15.72,3.29,1046383
2022-04-28T00:00:00.0000000,SU,Suncor Energy Inc.,Energy,Oil & Gas Integrated,Canada,56300000000.00,36.89,12.20,19754835
2022-04-28T00:00:00.0000000,STNG,Scorpio Tankers Inc.,Energy,Oil & Gas Midstream,Monaco,1490000000.00,24.68,4.14,1795464
2022-04-28T00:00:00.0000000,OPCH,"Option Care Health, Inc.",Healthcare,Medical Care Facilities,USA,5920000000.00,30.48,12.51,1773851
2022-04-28T00:00:00.0000000,INSW,"International Seaways, Inc.",Industrials,Marine Shipping,USA,1180000000.00,22.34,0.27,1448246
2022-04-29T00:00:00.0000000,LNTH,"Lantheus Holdings, Inc.",Healthcare,Diagnostics & Research,USA,4920000000.00,66.41,12.33,4384211
2022-04-29T00:00:00.0000000,CSL,Carlisle Companies Incorporated,Industrials,Building Products & Equipment,USA,14210000000.00,259.36,3.77,1132914
2022-04-29T00:00:00.0000000,RCMT,"RCM Technologies, Inc.",Industrials,Engineering & Construction,USA,195780000.00,17.48,2.64,301445
2022-05-02T00:00:00.0000000,SWCH,"Switch, Inc.",Technology,Information Technology Services,USA,7760000000.00,31.00,3.82,4035886
2022-05-02T00:00:00.0000000,STNG,Scorpio Tankers Inc.,Energy,Oil & Gas Midstream,Monaco,1500000000.00,25.81,4.37,1829544
2022-05-02T00:00:00.0000000,RCMT,"RCM Technologies, Inc.",Industrials,Engineering & Construction,USA,179790000.00,18.29,4.63,373994
2022-05-03T00:00:00.0000000,MAT,"Mattel, Inc.",Consumer Cyclical,Leisure,USA,9300000000.00,25.99,5.18,5672642
2022-05-03T00:00:00.0000000,CC,The Chemours Company,Basic Materials,Specialty Chemicals,USA,6230000000.00,38.91,17.55,5210239
2022-05-03T00:00:00.0000000,VAL,Valaris Limited,Energy,Oil & Gas Drilling,Bermuda,4260000000.00,56.77,9.38,1784341
2022-05-03T00:00:00.0000000,STNG,Scorpio Tankers Inc.,Energy,Oil & Gas Midstream,Monaco,1540000000.00,26.52,2.75,1769183
2022-05-03T00:00:00.0000000,CVI,"CVR Energy, Inc.",Energy,Oil & Gas Refining & Marketing,USA,3150000000.00,29.82,17.12,1740922
2022-05-03T00:00:00.0000000,AVT,"Avnet, Inc.",Technology,Electronics & Computer Distribution,USA,4480000000.00,45.07,2.22,1481477
2022-05-03T00:00:00.0000000,TWI,"Titan International, Inc.",Industrials,Farm & Heavy Construction Machinery,USA,1020000000.00,16.14,16.37,1220773
2022-05-03T00:00:00.0000000,SANM,Sanmina Corporation,Technology,Electronic Components,USA,2800000000.00,43.25,5.59,1190654
2022-05-03T00:00:00.0000000,SOI,"Solaris Oilfield Infrastructure, Inc.",Energy,Oil & Gas Equipment & Services,USA,537630000.00,12.18,4.10,541515
2022-05-03T00:00:00.0000000,RCMT,"RCM Technologies, Inc.",Industrials,Engineering & Construction,USA,193160000.00,19.65,7.44,433147
2022-05-04T00:00:00.0000000,AMCR,Amcor plc,Consumer Cyclical,Packaging & Containers,Switzerland,20330000000.00,13.12,9.61,28907258
2022-05-04T00:00:00.0000000,VLO,Valero Energy Corporation,Energy,Oil & Gas Refining & Marketing,USA,54410000000.00,128.23,5.63,8332216
2022-05-04T00:00:00.0000000,MAT,"Mattel, Inc.",Consumer Cyclical,Leisure,USA,9650000000.00,26.97,3.77,5646541
2022-05-04T00:00:00.0000000,CC,The Chemours Company,Basic Materials,Specialty Chemicals,USA,6650000000.00,41.51,6.68,3724800
2022-05-04T00:00:00.0000000,DK,"Delek US Holdings, Inc.",Energy,Oil & Gas Refining & Marketing,USA,2650000000.00,28.81,11.58,3007935
2022-05-04T00:00:00.0000000,SMCI,"Super Micro Computer, Inc.",Technology,Computer Hardware,USA,3000000000.00,56.72,31.21,2554942
2022-05-04T00:00:00.0000000,STNG,Scorpio Tankers Inc.,Energy,Oil & Gas Midstream,Monaco,1550000000.00,26.57,0.19,2155627
2022-05-04T00:00:00.0000000,CVI,"CVR Energy, Inc.",Energy,Oil & Gas Refining & Marketing,USA,3460000000.00,32.74,9.79,1367149
2022-05-04T00:00:00.0000000,VAL,Valaris Limited,Energy,Oil & Gas Drilling,Bermuda,4380000000.00,58.38,2.84,1150178
2022-05-04T00:00:00.0000000,AVT,"Avnet, Inc.",Technology,Electronics & Computer Distribution,USA,4650000000.00,46.79,3.82,1149334
2022-05-04T00:00:00.0000000,ARLP,"Alliance Resource Partners, L.P.",Energy,Thermal Coal,USA,2580000000.00,19.61,4.92,1078360
2022-05-04T00:00:00.0000000,TWI,"Titan International, Inc.",Industrials,Farm & Heavy Construction Machinery,USA,1090000000.00,17.25,6.88,1064833
2022-05-04T00:00:00.0000000,IMXI,"International Money Express, Inc.",Technology,Information Technology Services,USA,827030000.00,21.42,7.80,1059232
2022-05-04T00:00:00.0000000,AMR,"Alpha Metallurgical Resources, Inc.",Basic Materials,Coking Coal,USA,3080000000.00,162.98,1.24,813914
2022-05-04T00:00:00.0000000,MUSA,Murphy USA Inc.,Consumer Cyclical,Specialty Retail,USA,6140000000.00,246.20,4.86,735886
2022-05-04T00:00:00.0000000,AZPN,"Aspen Technology, Inc.",Technology,Software - Application,USA,11580000000.00,170.02,4.57,638586
2022-05-04T00:00:00.0000000,BXC,BlueLinx Holdings Inc.,Industrials,Building Products & Equipment,USA,991770000.00,98.39,28.51,606598
2022-05-04T00:00:00.0000000,SOI,"Solaris Oilfield Infrastructure, Inc.",Energy,Oil & Gas Equipment & Services,USA,554840000.00,12.57,3.20,552044
2022-05-04T00:00:00.0000000,UTI,"Universal Technical Institute, Inc.",Consumer Defensive,Education & Training Services,USA,354010000.00,10.96,5.49,411993
2022-05-05T00:00:00.0000000,SIMO,Silicon Motion Technology Corporation,Technology,Semiconductors,Hong Kong,3110000000.00,95.18,17.22,4767627
2022-05-05T00:00:00.0000000,K,Kellogg Company,Consumer Defensive,Packaged Foods,USA,23430000000.00,70.65,4.13,3343441
2022-05-05T00:00:00.0000000,LPG,Dorian LPG Ltd.,Energy,Oil & Gas Midstream,USA,642510000.00,17.09,10.76,925932
2022-05-05T00:00:00.0000000,WCC,"WESCO International, Inc.",Industrials,Industrial Distribution,USA,6940000000.00,140.19,5.76,921570
2022-05-05T00:00:00.0000000,AVT,"Avnet, Inc.",Technology,Electronics & Computer Distribution,USA,4650000000.00,47.16,0.79,708771
2022-05-05T00:00:00.0000000,AMR,"Alpha Metallurgical Resources, Inc.",Basic Materials,Coking Coal,USA,3080000000.00,165.54,1.57,640557
2022-05-05T00:00:00.0000000,ZNTE,Zanite Acquisition Corp.,Financial,Shell Companies,USA,288940000.00,10.51,4.60,388528
2022-05-05T00:00:00.0000000,MGPI,"MGP Ingredients, Inc.",Consumer Defensive,Packaged Foods,USA,2160000000.00,97.25,1.85,303288
2022-05-06T00:00:00.0000000,VST,Vistra Corp.,Utilities,Utilities - Independent Power Producers,USA,11790000000.00,26.62,4.76,9738335
2022-05-06T00:00:00.0000000,EOG,"EOG Resources, Inc.",Energy,Oil & Gas E&P,USA,78070000000.00,132.22,7.13,7038970
2022-05-06T00:00:00.0000000,UNM,Unum Group,Financial,Insurance - Life,USA,7570000000.00,36.31,13.79,5661077
2022-05-06T00:00:00.0000000,K,Kellogg Company,Consumer Defensive,Packaged Foods,USA,25120000000.00,72.73,3.56,5417857
2022-05-06T00:00:00.0000000,PXD,Pioneer Natural Resources Company,Energy,Oil & Gas E&P,USA,66080000000.00,270.18,5.34,4246890
2022-05-06T00:00:00.0000000,LPG,Dorian LPG Ltd.,Energy,Oil & Gas Midstream,USA,721200000.00,17.32,0.35,1114139
2022-05-06T00:00:00.0000000,BECN,"Beacon Roofing Supply, Inc.",Industrials,Building Products & Equipment,USA,4530000000.00,63.44,1.67,960260
2022-05-06T00:00:00.0000000,BREZ,Breeze Holdings Acquisition Corp.,Financial,Shell Companies,USA,154700000.00,10.56,1.54,854156
2022-05-09T00:00:00.0000000,CPB,Campbell Soup Company,Consumer Defensive,Packaged Foods,USA,15180000000.00,51.39,3.46,6165479
2022-05-09T00:00:00.0000000,K,Kellogg Company,Consumer Defensive,Packaged Foods,USA,24480000000.00,74.53,2.47,5455260
2022-05-09T00:00:00.0000000,SJM,The J. M. Smucker Company,Consumer Defensive,Packaged Foods,USA,15370000000.00,145.01,2.96,1336936
2022-05-09T00:00:00.0000000,ZNTE,Zanite Acquisition Corp.,Financial,Shell Companies,USA,333830000.00,11.32,11.42,1276538
2022-05-09T00:00:00.0000000,CPSS,"Consumer Portfolio Services, Inc.",Financial,Credit Services,USA,317640000.00,15.09,7.71,486329
2022-05-10T00:00:00.0000000,XENT,"Intersect ENT, Inc.",Healthcare,Medical Devices,USA,955360000.00,28.24,1.51,2583672
2022-05-10T00:00:00.0000000,LPG,Dorian LPG Ltd.,Energy,Oil & Gas Midstream,USA,726000000.00,18.15,7.65,1591651
2022-05-11T00:00:00.0000000,SWCH,"Switch, Inc.",Technology,Information Technology Services,USA,8190000000.00,33.54,9.07,35174982
2022-05-11T00:00:00.0000000,HRB,"H&R Block, Inc.",Consumer Cyclical,Personal Services,USA,4700000000.00,28.41,19.52,6457507
2022-05-11T00:00:00.0000000,SWX,"Southwest Gas Holdings, Inc.",Utilities,Utilities - Regulated Gas,USA,5970000000.00,90.70,0.96,1249509
2022-05-11T00:00:00.0000000,HURN,Huron Consulting Group Inc.,Industrials,Consulting Services,USA,1220000000.00,56.57,1.76,351422
2022-05-12T00:00:00.0000000,HRB,"H&R Block, Inc.",Consumer Cyclical,Personal Services,USA,5040000000.00,30.45,7.18,7520302
2022-05-12T00:00:00.0000000,EPAY,"Bottomline Technologies, Inc.",Technology,Software - Infrastructure,USA,2560000000.00,56.99,0.87,5001541
2022-05-12T00:00:00.0000000,HURN,Huron Consulting Group Inc.,Industrials,Consulting Services,USA,1240000000.00,57.21,1.13,211860
2022-05-13T00:00:00.0000000,HRB,"H&R Block, Inc.",Consumer Cyclical,Personal Services,USA,5340000000.00,32.31,6.11,5343160
2022-05-13T00:00:00.0000000,SFL,SFL Corporation Ltd.,Industrials,Marine Shipping,Bermuda,1490000000.00,10.87,4.92,2090962
2022-05-13T00:00:00.0000000,GO,Grocery Outlet Holding Corp.,Consumer Defensive,Grocery Stores,USA,3590000000.00,36.92,3.97,1964767
2022-05-13T00:00:00.0000000,PAG,"Penske Automotive Group, Inc.",Consumer Cyclical,Auto & Truck Dealerships,USA,8800000000.00,115.94,6.35,640136
2022-05-13T00:00:00.0000000,DMLP,"Dorchester Minerals, L.P.",Energy,Oil & Gas E&P,USA,1020000000.00,28.11,6.52,277300
2022-05-13T00:00:00.0000000,HURN,Huron Consulting Group Inc.,Industrials,Consulting Services,USA,1270000000.00,58.86,2.88,230841
2022-05-16T00:00:00.0000000,VTNR,"Vertex Energy, Inc.",Energy,Oil & Gas Refining & Marketing,USA,783530000.00,14.11,1.95,10041458
2022-05-16T00:00:00.0000000,RTLR,Rattler Midstream LP,Energy,Oil & Gas Midstream,USA,545720000.00,14.67,14.16,8889054
2022-05-16T00:00:00.0000000,MANT,ManTech International Corporation,Technology,Software - Application,USA,3850000000.00,94.29,15.03,5848483
2022-05-16T00:00:00.0000000,HRB,"H&R Block, Inc.",Consumer Cyclical,Personal Services,USA,4900000000.00,32.59,0.87,5698437
2022-05-16T00:00:00.0000000,GFF,Griffon Corporation,Industrials,Tools & Accessories,USA,1680000000.00,30.13,23.94,3992757
2022-05-16T00:00:00.0000000,STNG,Scorpio Tankers Inc.,Energy,Oil & Gas Midstream,Monaco,1600000000.00,29.54,4.20,2288233
2022-05-16T00:00:00.0000000,TDW,Tidewater Inc.,Energy,Oil & Gas Equipment & Services,USA,998400000.00,24.96,17.29,1176137
2022-05-16T00:00:00.0000000,TNK,Teekay Tankers Ltd.,Energy,Oil & Gas Midstream,Canada,609300000.00,18.08,13.14,1072175
2022-05-16T00:00:00.0000000,SWIR,"Sierra Wireless, Inc.",Technology,Communication Equipment,Canada,727240000.00,20.82,0.97,1052382
2022-05-16T00:00:00.0000000,RCMT,"RCM Technologies, Inc.",Industrials,Engineering & Construction,USA,233230000.00,20.64,13.78,631907
2022-05-16T00:00:00.0000000,DMLP,"Dorchester Minerals, L.P.",Energy,Oil & Gas E&P,USA,1030000000.00,29.11,3.56,230556
2022-05-17T00:00:00.0000000,MRK,"Merck & Co., Inc.",Healthcare,Drug Manufacturers - General,USA,236270000000.00,93.00,0.74,17579191
2022-05-17T00:00:00.0000000,HRB,"H&R Block, Inc.",Consumer Cyclical,Personal Services,USA,5120000000.00,34.05,4.48,6490773
2022-05-17T00:00:00.0000000,GFF,Griffon Corporation,Industrials,Tools & Accessories,USA,1740000000.00,31.24,3.68,1194002
2022-05-17T00:00:00.0000000,AVT,"Avnet, Inc.",Technology,Electronics & Computer Distribution,USA,4580000000.00,48.44,2.74,1175148
2022-05-17T00:00:00.0000000,TDW,Tidewater Inc.,Energy,Oil & Gas Equipment & Services,USA,1070000000.00,26.65,6.77,979486
2022-05-17T00:00:00.0000000,SWX,"Southwest Gas Holdings, Inc.",Utilities,Utilities - Regulated Gas,USA,6300000000.00,93.24,1.51,950345
2022-05-17T00:00:00.0000000,TNK,Teekay Tankers Ltd.,Energy,Oil & Gas Midstream,Canada,626820000.00,18.60,2.88,895154
2022-05-17T00:00:00.0000000,EOLS,"Evolus, Inc.",Healthcare,Drug Manufacturers - Specialty & Generic,USA,713730000.00,13.94,1.60,745251
2022-05-17T00:00:00.0000000,SWIR,"Sierra Wireless, Inc.",Technology,Communication Equipment,Canada,749600000.00,21.46,3.07,537263
2022-05-17T00:00:00.0000000,SCSC,"ScanSource, Inc.",Technology,Electronics & Computer Distribution,USA,1020000000.00,40.35,3.01,186002
2022-05-18T00:00:00.0000000,SQM,Sociedad Quimica y Minera de Chile S.A.,Basic Materials,Chemicals,Chile,22980000000.00,90.21,0.41,2741746
2022-05-18T00:00:00.0000000,NTCT,"NetScout Systems, Inc.",Technology,Software - Infrastructure,USA,2490000000.00,35.18,0.54,776063
2022-05-19T00:00:00.0000000,GOGL,Golden Ocean Group Limited,Industrials,Marine Shipping,Bermuda,2840000000.00,16.33,10.94,6306485
2022-05-19T00:00:00.0000000,SQM,Sociedad Quimica y Minera de Chile S.A.,Basic Materials,Chemicals,Chile,22980000000.00,95.47,5.83,2604128
2022-05-19T00:00:00.0000000,KRO,"Kronos Worldwide, Inc.",Basic Materials,Specialty Chemicals,USA,1890000000.00,17.97,9.04,206880
